id,destinationTable,participant,sourceTable,statement,submitTime
670,charlied,306,charlie,"SELECT * FROM charlie WHERE TFR < 1850 & CFR < 1650","2019-07-11 15:51:13.728000"
671,charlied,306,charlie,"SELECT * FROM charlie WHERE TFR < 1850","2019-07-11 15:51:29.536000"
673,charlied,306,charlie,"SELECT * FROM charlie WHERE TFR < 1850 %% CFR < 1650","2019-07-11 15:52:09.928000"
674,charlied,306,charlie,"SELECT * FROM charlie WHERE TFR < 1850 && CFR < 1650","2019-07-11 15:52:19.647000"
676,charlied,306,charlie,"SELECT * FROM charlie WHERE TFR < 2000 && CFR < 1650","2019-07-11 15:53:01.888000"
678,golfd,1007,golf,"select distinct sver from golf where sver <= 1996","2019-07-11 15:54:59.431000"
679,indiad,306,india,"SELECT * FROM juliett a, india b WHERE a.CUI = b.CUI","2019-07-11 15:54:15.557000"
681,foxtrotd,50,foxtrot,foxtrot,"2019-07-11 15:54:37.801000"
682,golfd,1007,golf,"select distinct sver from golf where sver < 1996","2019-07-11 15:55:18.130000"
683,alphad,105,alpha,"select * from alpha where MIN = 0","2019-07-11 15:55:17.558000"
686,indiad,306,india,"SELECT LAT, STT, ISPREF FROM juliett a, india b WHERE a.CUI = b.CUI","2019-07-11 15:55:22.094000"
689,bravod,4060,bravo,"SELECT RUI FROM bravo WHERE CUI1 = 'C0000039'","2019-07-11 15:55:54.560000"
694,hoteld,1119,hotel,"SELECT CUI, TUI from hotel ORDER BY TUI DESC","2019-07-11 15:56:16.549000"
695,echod,50,echo,echo,"2019-07-11 15:56:22.927000"
699,indiad,306,india,"SELECT LAT, STT, ISPREF FROM juliett a, india b WHERE a.CUI = b.CUI GROUP BY CVF","2019-07-11 15:56:33.272000"
700,hoteld,1119,hotel,"SELECT CUI, STN, TUI from hotel ORDER BY TUI DESC","2019-07-11 15:56:34.209000"
701,bravod,4060,bravo,"SELECT RUI FROM bravo WHERE CUI1 == 'C0000039'","2019-07-11 15:56:36.992000"
702,indiad,306,india,"SELECT LAT, STT, ISPREF FROM juliett a, india b WHERE a.CUI = b.CUI GROUP BY CUI","2019-07-11 15:56:42.718000"
704,foxtrotd,50,foxtrot,"SELECT * FROM foxtrot","2019-07-11 15:56:49.157000"
705,hoteld,1119,hotel,"SELECT CUI, TUI from hotel ORDER BY TUI DESC, STN","2019-07-11 15:56:51.845000"
707,indiad,306,india,"SELECT LAT, STT, ISPREF FROM juliett a, india b WHERE a.CUI = b.CUI GROUP BY STT","2019-07-11 15:56:58.359000"
709,hoteld,1119,hotel,"SELECT CUI,TUI, STN, TUI from hotel ORDER BY TUI DESC","2019-07-11 15:57:10.314000"
710,indiad,306,india,"SELECT LAT, STT, ISPREF FROM juliett a, india b WHERE a.CUI = b.CUI GROUP BY ISPREF","2019-07-11 15:57:13.638000"
716,foxtrotd,5250,foxtrot,"SELECT mrrank_rank, sab, tty, suppress FROM foxtrot ORDER BY mrrank_rank ASC","2019-07-11 15:57:30.678000"
717,foxtrotd,50,foxtrot,"SELECT * FROM foxtrot WHERE TTY = PT, TTY = SY","2019-07-11 15:57:32.269000"
719,foxtrotd,50,foxtrot,"SELECT * FROM foxtrot WHERE TTY = PT","2019-07-11 15:57:37.649000"
721,bravod,200,bravo,"SELECT REL FROM bravo where rel='RO';","2019-07-11 15:57:39.542000"
723,indiad,306,india,"SELECT LAT, STT, ISPREF FROM juliett a, india b WHERE a.CUI = b.CUI && TS = 'S'","2019-07-11 15:57:46.988000"
724,bravod,4060,bravo,"SELECT RUI FROM sqlsearchdata.bravo WHERE CUI1 = 'C0000039'","2019-07-11 15:57:51.334000"
725,indiad,306,india,"SELECT LAT, STT, ISPREF FROM juliett a, india b WHERE a.CUI = b.CUI && TS = 'P'","2019-07-11 15:57:55.174000"
728,hoteld,1119,hotel,"SELECT CUI, TUI from hotel, STN ORDER BY TUI DESC","2019-07-11 15:58:04.977000"
732,foxtrotd,50,foxtrot,"SELECT TTY FROM foxtrot","2019-07-11 15:58:11.532000"
733,hoteld,1119,hotel,"SELECT CUI, STN, TUI from hotelORDER BY TUI DESC","2019-07-11 15:58:14.231000"
737,bravod,200,bravo,"SELECT * FROM bravo where REL='RO';","2019-07-11 15:58:34.482000"
738,foxtrotd,50,foxtrot,"SELECT TTY FROM foxtrot WHERE foxtrot.tty = PT","2019-07-11 15:58:38.005000"
740,deltad,17,delta,"select RSAB, tfr from delta","2019-07-11 15:58:51.876000"
742,hoteld,1119,hotel,"SELECT * TUI from hotel ORDER BY TUI DESC","2019-07-11 15:59:04.553000"
743,foxtrotd,50,foxtrot,"SELECT TTY FROM foxtrot WHERE foxtrot.pt = tty","2019-07-11 15:59:04.587000"
744,indiad,306,india,"SELECT LAT, STT, ISPREF FROM juliett, india  WHERE juliett.CUI = india.CUI","2019-07-11 15:59:12.911000"
746,indiad,306,india,"SELECT LAT, STT, ISPREF FROM juliett, india WHERE juliett.CUI = india.CUI","2019-07-11 15:59:20.004000"
747,hoteld,1119,hotel,"SELECT TUI from hotel ORDER BY TUI DESC","2019-07-11 15:59:28.174000"
749,bravod,200,bravo,"SELECT * FROM bravo where REL='RO';","2019-07-11 15:59:30.204000"
750,foxtrotd,5250,foxtrot,"SELECT mrrank_rank, sab, tty, suppress FROM foxtrot WHERE tty = 'PT', 'SY'","2019-07-11 15:59:43.153000"
752,hoteld,1119,hotel,"SELECT CUI, TUI, STN from hotel ORDER BY TUI DESC","2019-07-11 15:59:46.621000"
753,foxtrotd,50,foxtrot,"SELECT * FROM foxtrot WHERE tty","2019-07-11 15:59:55.560000"
755,bravod,4060,bravo,"SELECT CUI1 FROM bravo WHERE CUI1 = 'C0000039'","2019-07-11 15:59:56.138000"
758,kilod,109,kilo,"SELECT LUI, CUI FROM kilo GROUP BY LUI","2019-07-11 15:59:58.491000"
761,bravod,200,bravo,"SELECT cui1, rui FROM bravo where REL='RO';","2019-07-11 16:00:09.293000"
762,bravod,4060,bravo,"SELECT CUI1, RUI FROM bravo WHERE CUI1 = 'C0000039'","2019-07-11 16:00:11.120000"
763,foxtrotd,50,foxtrot,"SELECT * FROM foxtrot WHERE tty = foxtrot.pt","2019-07-11 16:00:11.932000"
764,indiad,306,india,"SELECT LAT, STT, ISPREF FROM juliett, india WHERE india.CUI = juliett.CUI","2019-07-11 16:00:27.742000"
765,foxtrotd,50,foxtrot,"SELECT * FROM foxtrot WHERE pt = foxtrot.tty","2019-07-11 16:00:28.242000"
767,foxtrotd,3,foxtrot,"SELECT * FROM foxtrot GROUP BY SAB WHERE TTY = 'SY', TTY = 'PT""","2019-07-11 16:00:29.363000"
768,foxtrotd,105,foxtrot,"select * from foxtrot where TTY = 'PT' or (SAB = 'RXNORM' and TTY = 'SY')","2019-07-11 16:00:35.403000"
772,indiad,306,india,"SELECT * LAT, STT, ISPREF FROM juliett, india WHERE india.CUI = juliett.CUI","2019-07-11 16:01:01.233000"
773,hoteld,1119,hotel,"SELECT CUI, TUI, STN from hotel ORDER BY TUI DESC, CUI DESC","2019-07-11 16:01:01.441000"
775,foxtrotd,3,foxtrot,"SELECT * FROM foxtrot GROUP BY SAB WHERE TTY = 'SY' OR TTY = 'PT""","2019-07-11 16:01:09.012000"
776,foxtrotd,50,foxtrot,"SELECT * FROM foxtrot WHERE foxtrot.tty = ""PT""","2019-07-11 16:01:10.668000"
777,indiad,306,india,"SELECT * FROM juliett, india WHERE india.CUI = juliett.CUI","2019-07-11 16:01:17.852000"
778,foxtrotd,3,foxtrot,"SELECT * FROM foxtrot GROUP BY SAB WHERE TTY = 'SY' OR TTY = 'PT'","2019-07-11 16:01:19.883000"
780,foxtrotd,50,foxtrot,"SELECT * FROM foxtrot WHERE foxtrot.tty = ""PT"", foxtrot.tty = ""SY""","2019-07-11 16:01:27.557000"
781,foxtrotd,3,foxtrot,"SELECT * FROM foxtrot GROUP BY SAB","2019-07-11 16:01:28.638000"
782,hoteld,1119,hotel,"SELECT CUI, TUI, STN from hotel ORDER BY TUI DESC, CUI ASC","2019-07-11 16:01:31.610000"
784,foxtrotd,50,foxtrot,"SELECT * FROM foxtrot WHERE foxtrot.tty = ""PT"", ""SY""","2019-07-11 16:01:41.894000"
789,deltad,4060,delta,"SELECT RSAB, TFR FROM delta WHERE TFR > 470","2019-07-11 16:01:58.650000"
792,alphad,1119,alpha,"SELECT * FROM alpha WHERE MIN = 0;","2019-07-11 16:02:22.101000"
795,foxtrotd,105,foxtrot,"select * from foxtrot where TTY = 'PT' or TTY = 'SY' group by SAB","2019-07-11 16:02:25.763000"
796,foxtrotd,50,foxtrot,"SELECT * FROM foxtrot WHERE foxtrot.tty = ""PT, SY""","2019-07-11 16:02:28.462000"
798,deltad,4060,delta,"SELECT RSAB, TFR FROM delta WHERE TFR > 470, TFR <= 1833","2019-07-11 16:02:50.911000"
799,hoteld,109,hotel,"SELECT CUI, TUI, STN FROM hotel ORDER BY TUI DESC, CUI ASC","2019-07-11 16:02:57.944000"
802,deltad,4060,delta,"SELECT RSAB, TFR FROM delta WHERE TFR > 470 && TFR <= 1833","2019-07-11 16:03:03.850000"
803,foxtrotd,3,foxtrot,"SELECT * FROM foxtrot GROUP BY SAB ORDER BY mrrank_rank DESC","2019-07-11 16:03:07.323000"
805,foxtrotd,1007,foxtrot,"select MRRANK_RANK, TTY, SUPPRESS from foxtrot where MRRANK_RANK == 405, TTY == 'PT'","2019-07-11 16:03:18.510000"
808,hoteld,306,hotel,"SELECT $columns FROM hotel WHERE STN ORDER BY $column [ASC | DESC]","2019-07-11 16:03:38.752000"
810,golfd,109,golf,"SELECT DISCTINCT SVER FROM golf","2019-07-11 16:03:46.761000"
811,golfd,109,golf,"SELECT DISTINCT SVER FROM golf","2019-07-11 16:03:55.016000"
812,hoteld,306,hotel,"SELECT STN FROM hotel WHERE STN ORDER BY $column [DESC]","2019-07-11 16:03:55.500000"
816,foxtrotd,105,foxtrot,"select * from foxtrot where TTY = 'PT' or (TTY = 'SY' and SAB > 400) order by MRRANK_RANK desc","2019-07-11 16:04:13.391000"
817,foxtrotd,5250,foxtrot,"SELECT DISTINCT mrrank_rank, sab, tty, suppress FROM foxtrot","2019-07-11 16:04:15.617000"
819,hoteld,306,hotel,"SELECT * FROM hotel WHERE STN ORDER BY STN [DESC]","2019-07-11 16:04:27.256000"
821,golfd,109,golf,"SELECT SVER FROM golf GROUP BY SVER","2019-07-11 16:04:27.849000"
822,foxtrotd,105,foxtrot,"select * from foxtrot where TTY = 'PT' or (TTY = 'SY' and MRRANK_RANK > 400) order by MRRANK_RANK desc","2019-07-11 16:04:33.907000"
826,hoteld,306,hotel,"SELECT * FROM hotel WHERE TUI ORDER BY TUI [DESC]","2019-07-11 16:04:44.361000"
828,foxtrotd,105,foxtrot,"select * from foxtrot where TTY = 'PT' or (TTY = 'SY' and MRRANK_RANK > 400)","2019-07-11 16:04:45.751000"
831,bravod,200,bravo,"SELECT CUI1, RUI FROM bravo where REL='RO', 'SY';","2019-07-11 16:04:54.183000"
832,bravod,200,bravo,"SELECT CUI1, RUI FROM bravo where REL='RO' or 'SY';","2019-07-11 16:05:01.280000"
834,foxtrotd,3,foxtrot,"SELECT * FROM foxtrot WHERE TTY = 'PT' OR TTY = 'SY' GROUP BY SAB ORDER BY mrrank_rank DESC;","2019-07-11 16:05:04.041000"
835,kilod,1119,kilo,"SELECT LUI, CUI from kilo GROUP BY LUI","2019-07-11 16:05:07.010000"
842,hoteld,306,hotel,"SELECT * FROM hotel WHERE * ORDER BY TUI [DESC]","2019-07-11 16:05:12.909000"
844,bravod,200,bravo,"SELECT CUI1, RUI FROM bravo where REL='RO', REL='SY';","2019-07-11 16:05:21.801000"
845,hoteld,306,hotel,"SELECT * FROM hotel ORDER BY TUI [DESC]","2019-07-11 16:05:25.991000"
846,bravod,200,bravo,"SELECT CUI1, RUI FROM bravo where REL='RO', and REL='SY';","2019-07-11 16:05:26.445000"
847,golfd,105,golf,"select distinct SVER from golf where SVER <= 1995","2019-07-11 16:05:28.821000"
850,charlied,4060,charlie,"SELECT RSAB, SF, TFR, CFR, TTYL, WHERE TTYL ='$PT'","2019-07-11 16:05:30.440000"
851,bravod,200,bravo,"SELECT CUI1, RUI FROM bravo where REL='RO', & REL='SY';","2019-07-11 16:05:31.974000"
852,hoteld,306,hotel,"SELECT * FROM hotel ORDER BY TUI DESC","2019-07-11 16:05:32.140000"
853,golfd,109,golf,"SELECT SVER FROM golf WHERE SVR < 1996 GROUP BY SVER","2019-07-11 16:05:35.193000"
854,foxtrotd,50,foxtrot,"SELECT * FROM foxtrot WHERE foxtrot.tty = ""PT"" OR foxtrot.tty = ""SY""","2019-07-11 16:05:36.327000"
855,golfd,17,golf,"select sver from golf where rcui <= C1140108","2019-07-11 16:05:40.624000"
856,charlied,4060,charlie,"SELECT RSAB, SF, TFR, CFR, TTYL, WHERE TTYL$PT","2019-07-11 16:05:47.158000"
859,bravod,200,bravo,"SELECT CUI1, RUI FROM bravo where REL='RO', or REL='SY';","2019-07-11 16:05:51.319000"
860,golfd,17,golf,"select sver from golf where rcui <= 'C1140108'","2019-07-11 16:05:55.890000"
862,foxtrotd,3,foxtrot,"SELECT * FROM foxtrot WHERE TTY = 'PT' OR TTY = 'SY' OR SAB != 'DRUGBANK' GROUP BY SAB ORDER BY mrrank_rank DESC;","2019-07-11 16:06:01.132000"
863,foxtrotd,1007,foxtrot,"select * from foxtrot where MRRANK_RANK == 405, tty == 'PT'","2019-07-11 16:06:01.569000"
868,bravod,200,bravo,"SELECT CUI1, RUI FROM bravo where REL='RO' or REL='SY';","2019-07-11 16:06:09.248000"
869,foxtrotd,3,foxtrot,"SELECT * FROM foxtrot WHERE TTY = 'PT' OR TTY = 'SY' AND SAB != 'DRUGBANK' GROUP BY SAB ORDER BY mrrank_rank DESC;","2019-07-11 16:06:09.819000"
871,golfd,109,golf,"SELECT DISTINCT SVER FROM golf WHERE SVR < 1996","2019-07-11 16:06:10.952000"
873,hoteld,306,hotel,"SELECT * FROM hotel ORDER BY TUI, CUI DESC","2019-07-11 16:06:12.407000"
877,hoteld,306,hotel,"SELECT * FROM hotel ORDER BY * DESC","2019-07-11 16:06:24.118000"
878,bravod,200,bravo,"SELECT CUI1, RUI FROM bravo where REL='RO' & REL='SY';","2019-07-11 16:06:28.108000"
879,hoteld,306,hotel,"SELECT * FROM hotel ORDER BY CUI DESC","2019-07-11 16:06:28.248000"
880,foxtrotd,50,foxtrot,"SELECT * FROM foxtrot WHERE foxtrot.tty = ""PT"" OR foxtrot.tty = ""SY"" AND foxtrot.tty = 405","2019-07-11 16:06:32.897000"
884,charlied,4060,charlie,"SELECT RSAB, SF, TFR, CFR, TTYL WHERE TTYL = 'PT'","2019-07-11 16:06:40.579000"
885,hoteld,306,hotel,"SELECT * FROM hotel ORDER BY TUI DESC, CUI ASC","2019-07-11 16:06:41.489000"
887,deltad,105,delta,"select * from delta where TFR < 2000","2019-07-11 16:06:42.824000"
889,foxtrotd,3,foxtrot,"SELECT *","2019-07-11 16:06:50.617000"
890,foxtrotd,50,foxtrot,"SELECT * FROM foxtrot WHERE foxtrot.tty = ""PT"" OR foxtrot.tty = ""SY"" AND foxtrot.mrrank_rank = 405","2019-07-11 16:06:50.667000"
894,kilod,5250,kilo,"SELECT lui, cui FROM kilo ORDER BY lui","2019-07-11 16:06:56.596000"
895,foxtrotd,3,foxtrot,"SELECT * FROM foxtrot","2019-07-11 16:06:56.799000"
896,charlied,4060,charlie,"SELECT RSAB, SF, TFR, CFR, TTYL FROM charlie WHERE TTYL = 'PT'","2019-07-11 16:06:59.267000"
898,hoteld,512,hotel,"SELECT TUI FROM HOTEL WHERE TUI ORDER BY TUI ASC","2019-07-11 16:07:01.351000"
904,kilod,5250,kilo,"SELECT DISTINCT lui, cui FROM kilo ORDER BY lui","2019-07-11 16:07:08.332000"
905,foxtrotd,3,foxtrot,"SELECT * FROM foxtrot WHERE (TTY = 'PT' OR TTY = 'SY') AND SAB != 'DRUGBANK' GROUP BY SAB ORDER BY mrrank_rank DESC;","2019-07-11 16:07:11.171000"
907,bravod,1119,bravo,"SELECT CUI1, RUI, FROM bravo WHERE CUI2 == C0364349;","2019-07-11 16:07:15.419000"
909,bravod,200,bravo,"SELECT CUI1, RUI FROM bravo where REL= 'RO';","2019-07-11 16:07:22.154000"
911,golfd,109,golf,"SELECT DISTINCT SVER FROM golf WHERE SVER < 1996","2019-07-11 16:07:25.806000"
914,foxtrotd,1007,foxtrot,"select * from foxtrot where MRRANK_RANK = 405,","2019-07-11 16:07:33.452000"
915,bravod,1119,bravo,"SELECT CUI1, RUI, FROM bravo, WHERE CUI2 = C0364349;","2019-07-11 16:07:35.741000"
916,foxtrotd,1007,foxtrot,"select * from foxtrot where MRRANK_RANK = 405","2019-07-11 16:07:38.471000"
917,charlied,4060,charlie,"SELECT RSAB, SF, TFR, CFR, TTYL FROM charlie WHERE TTYL = 'PT' OR TTYL = 'ET'","2019-07-11 16:07:39.925000"
918,bravod,1119,bravo,"SELECT CUI1, RUI, FROM bravo WHERE CUI2 = 'C0364349';","2019-07-11 16:07:49.481000"
919,bravod,1119,bravo,"SELECT CUI1, RUI, FROM bravo, WHERE CUI2 = 'C0364349';","2019-07-11 16:07:53.423000"
920,echod,306,echo,"SELECT * FROM echo WHERE TTY = 'CD' OR TTY = 'PT'","2019-07-11 16:07:55.128000"
922,foxtrotd,50,foxtrot,"SELECT * FROM foxtrot WHERE foxtrot.tty = ""PT"" OR DISTINCT foxtrot.tty = ""SY""","2019-07-11 16:08:02.307000"
923,deltad,105,delta,"select * from delta where CFR < 1696","2019-07-11 16:07:12.874000"
924,bravod,200,bravo,"SELECT CUI1, RUI FROM bravo where REL= 'RO' or STYPE2 = ""AUI';","2019-07-11 16:08:10.967000"
926,kilod,5250,kilo,"SELECT DISTINCT cui, lui FROM kilo ORDER BY lui","2019-07-11 16:08:15.594000"
927,deltad,105,delta,"select RSAB, TFR from delta where CFR < 1696","2019-07-11 16:08:17.618000"
928,bravod,200,bravo,"SELECT CUI1, RUI FROM bravo where REL= 'RO',  STYPE2 = ""AUI';","2019-07-11 16:08:18.415000"
930,hoteld,512,hotel,"SELECT TUI FROM HOTEL WHERE TUI ORDER BY TUI ASC;","2019-07-11 16:08:28.938000"
936,foxtrotd,50,foxtrot,"SELECT * FROM foxtrot WHERE foxtrot.tty = ""PT"" OR foxtrot.tty = ""SY"" AND foxtrot.mrrank_rank > 400","2019-07-11 16:08:51.341000"
938,bravod,1119,bravo,"SELECT CUI1, RUI, FROM bravo WHERE REL = 'RO';","2019-07-11 16:08:57.370000"
939,foxtrotd,1007,foxtrot,"select * from foxtrot where tty = 'PT'","2019-07-11 16:08:57.591000"
943,echod,306,echo,"SELECT * FROM echo WHERE MRRANK_RANK <= 384 && TTY = 'CD' OR TTY = 'PT'","2019-07-11 16:09:05.845000"
945,hoteld,3,hotel,"SELECT * FROM hotel ORDER BY TUI DESC, CUI ASC;","2019-07-11 16:09:06.735000"
947,hoteld,105,hotel,"select * from hotel order by TUI desc","2019-07-11 16:09:08.161000"
951,hoteld,105,hotel,"select * from hotel order by TUI desc, CUI","2019-07-11 16:09:19.778000"
953,alphad,17,alpha,"select COL, DES, MIN, AV, MAX, FIL from alpha where min = 0","2019-07-11 16:09:21.511000"
957,echod,306,echo,"SELECT * FROM echo WHERE MRRANK_RANK <= 384 && (TTY = 'CD' OR TTY = 'PT')","2019-07-11 16:09:30.389000"
958,charlied,109,charlie,"SELECT * FROM charlie WHERE TFR <= 1834","2019-07-11 16:09:32.647000"
959,charlied,4060,charlie,"SELECT RSAB, SF, TFR, CFR, TTYL FROM charlie WHERE CFR >= 280 AND CFR <=1634","2019-07-11 16:09:39.875000"
963,echod,50,echo,"SELECT * FROM echo","2019-07-11 16:10:01.474000"
967,charlied,109,charlie,"SELECT * FROM charlie WHERE CFR < 1635","2019-07-11 16:10:19.495000"
971,foxtrotd,1007,foxtrot,"select * from foxtrot where tty = 'PT', mrrank_rank = 405","2019-07-11 16:10:25.144000"
972,bravod,1119,bravo,"SELECT CUI1, RUI, FROM bravo WHERE REL='RO';","2019-07-11 16:10:25.944000"
973,bravod,1119,bravo,"SELECT CUI1, RUI FROM bravo WHERE REL='RO';","2019-07-11 16:10:39.804000"
975,echod,306,echo,"SELECT * FROM echo WHERE MRRANK_RANK <= 384 && (TTY = 'CD' OR TTY = 'PT' OR TTY = 'IN' OR TTY = 'SY' OR TTY = 'FSY' OR TTY = 'N1' OR TTY = 'PCE')","2019-07-11 16:10:40.942000"
976,golfd,3,golf,"SELECT SVER FROM golf WHERE SVER <= 1995 OR SVER >= 1990 GROUP BY SVER;","2019-07-11 16:10:46.733000"
977,echod,105,echo,"select * from echo where MRRANK_RANK < 385 order by MRRANK_RANK desc group by SAB","2019-07-11 16:10:48.735000"
978,echod,50,echo,"SELECT * FROM echo WHERE echo.mrrank_rank > 366 AND echo.mrrank_rank < 385","2019-07-11 16:10:50.272000"
979,golfd,3,golf,"SELECT SVER FROM golf WHERE SVER <= 1995 AND SVER >= 1990 GROUP BY SVER;","2019-07-11 16:11:02.417000"
980,foxtrotd,1007,foxtrot,"select * from foxtrot where tty = 'PT' or mrrank_rank = 405","2019-07-11 16:11:08.636000"
986,foxtrotd,109,foxtrot,"SELECT * FROM foxtrot GROUP BY SAB","2019-07-11 16:11:46.546000"
990,kilod,17,kilo,"select LUI, CUI from kilo where CUI >= LUI","2019-07-11 16:11:57.201000"
991,hoteld,512,hotel,"SELECT CUI, TUI FROM HOTEL WHERE TUI ORDER BY TUI ASC","2019-07-11 16:12:00.382000"
994,kilod,306,kilo,"SELECT DISTINCT LUI FROM kilo","2019-07-11 16:12:21.662000"
996,foxtrotd,1007,foxtrot,"select * from foxtrot where MRRANK_RANK = 405 tty = 'PT'","2019-07-11 16:12:23.191000"
998,kilod,306,kilo,"SELECT * DISTINCT LUI FROM kilo","2019-07-11 16:12:28.243000"
999,echod,50,echo,"SELECT * FROM echo WHERE echo.mrrank_rank > 366 AND echo.mrrank_rank < 380","2019-07-11 16:12:28.649000"
1000,bravod,1119,bravo,"SELECT CUI1, RUI FROM bravo WHERE CUI2='C0364349';","2019-07-11 16:12:33.979000"
1002,kilod,306,kilo,"SELECT DISTINCT LUI, CUI FROM kilo","2019-07-11 16:12:48.484000"
1004,kilod,17,kilo,"select Distinct LUI, CUI from kilo","2019-07-11 16:13:01.577000"
1007,golfd,3,golf,"SELECT SVER FROM golf WHERE VCUI <= C1140107;","2019-07-11 16:13:07.200000"
1009,kilod,5250,kilo,"SELECT DISTINCT lui, cui FROM kilo","2019-07-11 16:13:12.396000"
1013,kilod,17,kilo,"select LUI, CUI from kilo grouped by LUI","2019-07-11 16:13:19.217000"
1014,golfd,3,golf,"SELECT SVER FROM golf WHERE VCUI <= 'C1140107';","2019-07-11 16:13:19.766000"
1016,kilod,17,kilo,"select LUI, CUI from kilo group by LUI","2019-07-11 16:13:29.853000"
1019,kilod,306,kilo,"SELECT DISTINCT LUI, CUI FROM kilo GROUP BY LUI","2019-07-11 16:13:31.490000"
1021,golfd,3,golf,"SELECT * FROM golf;","2019-07-11 16:13:44.383000"
1022,foxtrotd,109,foxtrot,"SELECT * FROM foxtrot WHERE TTY = SY or PT GROUP BY SAB","2019-07-11 16:13:49.726000"
1024,echod,105,echo,"select * from echo where MRRANK_RANK < 380 or (MRRANK_RANK < 385 and MRRANK_RANK % 2 = 0)","2019-07-11 16:13:56.193000"
1025,echod,50,echo,"SELECT * FROM echo WHERE echo.mrrank_rank > 366 AND echo.mrrank_rank < 380 OR echo.mrrank_rank > 380 AND echo.mrrank_rank % 2 = 0 AND echo.mrrank_rank < 385","2019-07-11 16:13:57.037000"
1027,foxtrotd,109,foxtrot,"SELECT * FROM foxtrot WHERE TTY = 'SY' or 'PT' GROUP BY SAB","2019-07-11 16:14:05.176000"
1031,echod,105,echo,"select * from echo where MRRANK_RANK < 380 or (MRRANK_RANK < 385 and MRRANK_RANK > 380 and MRRANK_RANK % 2 = 0)","2019-07-11 16:14:22.504000"
1033,deltad,1119,delta,"SELECT RSAB, TFR FROM delta WHERE TFR < 1834;","2019-07-11 16:14:27.044000"
1035,charlied,4060,charlie,"SELECT RSAB, SF, TFR, CFR, TTYL FROM charlie WHERE TTYL = '%PT'","2019-07-11 16:14:28.150000"
1036,foxtrotd,109,foxtrot,"SELECT * FROM foxtrot WHERE TTY = 'SY' or  TTY = 'PT' GROUP BY SAB","2019-07-11 16:14:35.881000"
1038,bravod,306,bravo,"SELECT * FROM bravo WHERE CUI = 'C0364349'","2019-07-11 16:14:40.910000"
1039,charlied,4060,charlie,"SELECT RSAB, SF, TFR, CFR, TTYL FROM charlie WHERE TTYL = '%PT' OR TTYL = '%SY'","2019-07-11 16:14:47.779000"
1041,indiad,200,india,"SELECT LAT, STT, ISPREF from india, juliett where TS='P';","2019-07-11 16:14:53.487000"
1042,bravod,306,bravo,"SELECT CUI1, RUI FROM bravo WHERE CUI2 = 'C0364349'","2019-07-11 16:14:57.262000"
1045,deltad,1119,delta,"SELECT RSAB, TFR FROM delta WHERE CFR < 1834;","2019-07-11 16:15:03.678000"
1046,deltad,1119,delta,"SELECT RSAB, TFR FROM delta WHERE CFR < 1834;","2019-07-11 16:15:03.678000"
1047,indiad,200,india,"SELECT LAT, STT, ISPREF from juliett where TS='S';","2019-07-11 16:15:21.741000"
1049,golfd,3,golf,"SELECT * FROM golf WHERE VCUI = 'C1140092' OR VCUI = 'C1140098' OR VCUI = 'C1140099' OR VCUI = 'C1140105' OR VCUI = 'C114107'","2019-07-11 16:15:25.130000"
1050,foxtrotd,1007,foxtrot,"select * from foxtrot where MRRANK_RANK > 400 and tty = 'SY' or tty = 'PT'","2019-07-11 16:15:25.348000"
1052,golfd,3,golf,"SELECT SVER FROM golf WHERE VCUI = 'C1140092' OR VCUI = 'C1140098' OR VCUI = 'C1140099' OR VCUI = 'C1140105' OR VCUI = 'C114107'","2019-07-11 16:15:32.574000"
1055,kilod,17,kilo,"select LAT, STT, ISPREF from india a, juliett b where a.CUI = b.CUI","2019-07-11 16:15:40.359000"
1056,indiad,200,india,"SELECT LAT, STT, ISPREF from juliett where TS='P';","2019-07-11 16:15:42.405000"
1057,alphad,306,alpha,"SELECT * FROM alpha WHERE MIN = 8","2019-07-11 16:15:43.263000"
1058,alphad,306,alpha,"SELECT * FROM alpha WHERE MIN = 0","2019-07-11 16:15:50.772000"
1065,golfd,3,golf,"SELECT SVER FROM golf WHERE VCUI = 'C1140092' OR VCUI = 'C1140098' OR VCUI = 'C1140099' OR VCUI = 'C1140105' OR VCUI = 'C1140107'","2019-07-11 16:16:04.190000"
1067,echod,105,echo,"select * from echo where MRRANK_RANK < 380 or TTY = 'CD'","2019-07-11 16:16:05.253000"
1069,golfd,3,golf,"SELECT SVER FROM golf WHERE VCUI = 'C1140092' OR VCUI = 'C1140098' OR VCUI = 'C1140099' OR VCUI = 'C1140105' OR VCUI = 'C1140107';","2019-07-11 16:16:12.540000"
1076,indiad,17,india,"select distinct LAT, STT, ISPREF from india a, juliett b where a.CUI = b.CUI","2019-07-11 16:16:20.221000"
1079,indiad,200,india,"SELECT LAT, STT, ISPREF from juliett where TS='P' oerder by ISPREF ASC;","2019-07-11 16:16:23.033000"
1080,indiad,200,india,"SELECT LAT, STT, ISPREF from juliett where TS='P' order by ISPREF ASC;","2019-07-11 16:16:30.014000"
1083,deltad,306,delta,"SELECT * FROM delta WHERE TFR < 1900","2019-07-11 16:16:33.079000"
1085,alphad,50,alpha,SELECT,"2019-07-11 16:16:36.771000"
1086,hoteld,1007,hotel,"select * from hotel order by TUI desc","2019-07-11 16:16:37.726000"
1087,deltad,4060,delta,"SELECT SVER from golf WHERE SVER >= 1990 AND SVER <= 1995","2019-07-11 16:16:37.794000"
1089,deltad,306,delta,"SELECT RSAB, TFR FROM delta WHERE TFR < 1900","2019-07-11 16:16:45.615000"
1091,alphad,50,alpha,"SELECT * FROM alpha","2019-07-11 16:16:48.493000"
1093,charlied,1119,charlie,"SELECT * FROM charlie WHERE CFR < 1635;","2019-07-11 16:16:51.660000"
1103,hoteld,1007,hotel,"select * from hotel order by TUI desc and CUI asc","2019-07-11 16:17:09.885000"
1105,deltad,306,delta,"SELECT RSAB, TFR FROM delta WHERE TFR < 1900 && CFR < 1650","2019-07-11 16:17:14.455000"
1106,indiad,200,india,"SELECT LAT, STT, ISPREF from juliett where TS='P' order by ISPREF ASC, STT ASC;","2019-07-11 16:17:15.376000"
1108,alphad,50,alpha,"SELECT * FROM alpha WHERE alpha.min = 0","2019-07-11 16:17:27.584000"
1112,golfd,4060,golf,"SELECT DISTINCT SVER from golf WHERE SVER >= 1990 AND SVER <= 1995","2019-07-11 16:17:36.672000"
1116,foxtrotd,109,foxtrot,"SELECT * FROM foxtrot WHERE TTY = 'SY' or  TTY = 'PT' GROUP BY SAB ORDER BY RANK DESC","2019-07-11 16:17:46.285000"
1117,charlied,1119,charlie,"SELECT DISTINCT SVER FROM golf;","2019-07-11 16:17:47.963000"
1121,foxtrotd,109,foxtrot,"SELECT * FROM foxtrot WHERE TTY = 'SY' or  TTY = 'PT' GROUP BY SAB ORDER BY MRRANK_RANK DESC","2019-07-11 16:17:58.290000"
1125,charlied,1119,charlie,"SELECT DISTINCT SVER FROM golf WHERE SVER < 1995;","2019-07-11 16:18:08.405000"
1126,golfd,4060,golf,"SELECT DISTINCT SVER from golf","2019-07-11 16:18:09.077000"
1128,foxtrotd,306,foxtrot,"SELECT * FROM foxtrot where TTY = 'PT' OR TTY = 'SY'","2019-07-11 16:18:14.287000"
1133,indiad,50,india,"SELECT * FROM india","2019-07-11 16:18:24.419000"
1134,golfd,1119,golf,"SELECT DISTINCT SVER FROM golf WHERE SVER < 1996;","2019-07-11 16:18:30.028000"
1137,indiad,50,india,"SELECT * FROM juliet","2019-07-11 16:18:37.399000"
1138,hoteld,1007,hotel,"select * from hotel order by TUI desc, CUI asc","2019-07-11 16:18:37.668000"
1140,indiad,200,india,"SELECT LAT, STT, ISPREF from juliett where TS='P' order by SUI ASC, ISPREF ASC, STT ASC;","2019-07-11 16:18:40.055000"
1142,indiad,50,india,"SELECT * FROM juliett","2019-07-11 16:18:49.519000"
1145,foxtrotd,306,foxtrot,"SELECT * FROM foxtrot WHERE TTY = 'PT' OR TTY = 'SY' GROUP BY SAB","2019-07-11 16:19:00.315000"
1146,indiad,200,india,"SELECT LAT, STT, ISPREF from juliett where TS='P' order by SUI DESC, ISPREF ASC, STT ASC;","2019-07-11 16:19:02.528000"
1149,bravod,3,bravo,"SELECT CUI1, RUI FROM bravo WHERE CUI1 = 'C0000039' AND REL = 'RO';","2019-07-11 16:19:10.339000"
1150,indiad,50,india,"SELECT lat, set, ispref FROM juliett","2019-07-11 16:19:13.308000"
1151,bravod,3,bravo,"SELECT CUI1, RUI FROM bravo WHERE CUI1 = 'C0000039' AND REL = 'RO';","2019-07-11 16:19:17.682000"
1154,indiad,200,india,"SELECT LAT, STT, ISPREF from juliett where TS='P' order by SUI DESC, ISPREF ASC;","2019-07-11 16:19:29.089000"
1155,indiad,17,india,"select LAT, STT, ISPREF from india a, juliett b where a.CUI = b.CUI and TS = 'P'","2019-07-11 16:19:32.372000"
1158,foxtrotd,306,foxtrot,"SELECT * FROM foxtrot WHERE TTY = 'PT' OR TTY = 'SY' GROUP BY TTY","2019-07-11 16:19:37.890000"
1159,indiad,17,india,"select LAT, STT, ISPREF from india a, juliett b where a.CUI = b.CUI and TS = 'S'","2019-07-11 16:19:43.645000"
1162,indiad,50,india,"SELECT LAT FROM juliet","2019-07-11 16:19:52.066000"
1164,indiad,105,india,"select * from juliett j
inner join india i on j.CUI = i.CUI","2019-07-11 16:19:58.943000"
1171,indiad,1119,india,"SELECT LAT, STT, ISPREF FROM juliett WHERE india.CUI = juliett.CUI;","2019-07-11 16:20:07.643000"
1172,golfd,4060,golf,"SELECT DISTINCT SVER from golf WHERE SVER < 1996","2019-07-11 16:20:08.904000"
1180,indiad,50,india,"SELECT LAT FROM juliett","2019-07-11 16:20:18.760000"
1183,bravod,3,bravo,"SELECT CUI1, RUI FROM bravo WHERE REL = 'RO' OR REL = 'SY';","2019-07-11 16:20:22.409000"
1185,indiad,50,india,"SELECT LAT, STT FROM juliett","2019-07-11 16:20:25.474000"
1187,indiad,50,india,"SELECT LAT, STT, ISPREF FROM juliett","2019-07-11 16:20:32.992000"
1190,foxtrotd,306,foxtrot,"SELECT * FROM foxtrot WHERE TTY = 'PT' OR TTY = 'SY' && SAB != 'DRUGBANK' GROUP BY SAB","2019-07-11 16:20:40.739000"
1193,golfd,200,golf,"SELECT DISTINCT SVER from golf;","2019-07-11 16:20:53.396000"
1195,indiad,1119,india,"SELECT LAT, STT, ISPREF FROM juliett WHERE CUI = india.CUI;","2019-07-11 16:21:01.678000"
1196,indiad,1007,india,"select LAT, STT, ISPREF distinct from juliett","2019-07-11 16:21:02.632000"
1201,golfd,512,golf,"SELECT TOP 5 SVER FROM GOLF","2019-07-11 16:21:11.444000"
1202,indiad,17,india,"select LAT, STT, ISPREF from india a, juliett b where a.CUI = b.CUI grouped by a.CUI","2019-07-11 16:21:14.669000"
1203,foxtrotd,306,foxtrot,"SELECT * FROM foxtrot WHERE TTY = 'PT' OR TTY = 'SY' && SAB != 'DRUGBANK' GROUP BY SAB ORDER BY MRRANK_RANK DESC","2019-07-11 16:21:16.102000"
1205,indiad,1007,india,"select distinct LAT, STT, ISPREF  from juliett","2019-07-11 16:21:16.446000"
1206,golfd,200,golf,"SELECT DISTINCT SVER from golf where SVER<1996;","2019-07-11 16:21:19.798000"
1208,indiad,17,india,"select LAT, STT, ISPREF from india a, juliett b where a.CUI = b.CUI group by a.CUI","2019-07-11 16:21:19.925000"
1209,indiad,1119,india,"SELECT LAT, STT ISPREF FROM juliett, india WHERE CUI = india.CUI;","2019-07-11 16:21:20.409000"
1210,indiad,17,india,"select LAT, STT, ISPREF from india a, juliett b where a.CUI = b.CUI group by b.CUI","2019-07-11 16:21:26.852000"
1211,indiad,1119,india,"SELECT LAT, STT, ISPREF FROM juliett, india WHERE juliett.CUI = india.CUI;","2019-07-11 16:21:28.336000"
1216,bravod,3,bravo,"SELECT CUI1, RUI FROM bravo WHERE 'REL = 'RO' AND CUI1 = 'C0000039';","2019-07-11 16:21:53.467000"
1218,indiad,50,india,"SELECT LAT, STT, ISPREF FROM juliett WHERE juliett.stt = ""PF"" AND juliett.ISPREF = ""N""","2019-07-11 16:22:03.183000"
1219,bravod,3,bravo,"SELECT CUI1, RUI FROM bravo WHERE REL = 'RO' AND CUI1 = 'C0000039';","2019-07-11 16:22:05.030000"
1222,golfd,4060,golf,"SELECT MRRANK_RANK, SAB, TTY, SUPPRESS from echo WHERE MMRRANK_RANK <= 386 AND MMRRANK_RANK >=367","2019-07-11 16:22:08.265000"
1226,indiad,50,india,"SELECT LAT, STT, ISPREF FROM juliett WHERE juliett.stt = ""PF"" AND juliett.ISPREF = ""N"" OR juliett.stt = ""VO"" AND juliett.ISPREF = ""Y""","2019-07-11 16:22:18.359000"
1236,golfd,4060,golf,"SELECT MRRANK_RANK, SAB, TTY, SUPPRESS from echo WHERE MRRANK_RANK <= 384 AND MRRANK_RANK >=367","2019-07-11 16:22:25.663000"
1243,indiad,50,india,"SELECT LAT, STT, ISPREF FROM juliett WHERE juliett.stt = ""PF"" AND juliett.ISPREF = ""N"" OR juliett.stt = ""VO"" AND juliett.ISPREF = ""Y"" OR juliett.stt = ""VC"" AND juliett.ISPREF = ""Y""","2019-07-11 16:22:33.977000"
1246,indiad,1007,india,"select distinct LUI from juliett","2019-07-11 16:22:42.432000"
1247,alphad,200,alpha,"SELECT * from alpha where MIN=0;","2019-07-11 16:22:48.162000"
1251,golfd,306,golf,"SELECT SVER FROM golf WHERE SVER < 1996 && SVER > 1989","2019-07-11 16:23:04.391000"
1252,indiad,1007,india,"select LAT, STT, ISPREF distinct LUI from juliett","2019-07-11 16:23:04.438000"
1254,indiad,50,india,"SELECT LAT, STT, ISPREF FROM juliett WHERE juliett.stt = ""PF"" AND juliett.ISPREF = ""N"" OR juliett.stt = ""VO"" AND juliett.ISPREF = ""Y"" OR juliett.stt = ""VC"" AND juliett.ISPREF = ""Y"" OR juliett.stt = ""PF"" AND juliett.ISPREF = ""Y""","2019-07-11 16:23:11.206000"
1255,indiad,17,india,"select LAT, STT, ISPREF from india a, juliett b where a.CUI = b.CUI AND a.CVF = 256","2019-07-11 16:23:11.581000"
1256,golfd,512,golf,"SELECT SVER FROM GOLF WHERE ROWMUN <=5","2019-07-11 16:23:11.659000"
1259,golfd,306,golf,"SELECT DISTINCT SVER FROM golf WHERE SVER < 1996 && SVER > 1989","2019-07-11 16:23:19.093000"
1263,indiad,105,india,"select j.LAT, j.STT, j.ISPREF from india i, juliett j where i.CUI = j.CUI","2019-07-11 16:23:23.363000"
1264,golfd,512,golf,"SELECT SVER FROM GOLF WHERE ROWNUM <=5","2019-07-11 16:23:32.286000"
1267,golfd,512,golf,"SELECT SVER FROM GOLF WHERE ROWNUM <=5;","2019-07-11 16:23:37.371000"
1268,indiad,1119,india,"SELECT LAT, STT, ISPREF FROM juliett, india WHERE juliett.CUI = india.CUI, india.CVF < 258;","2019-07-11 16:23:42.577000"
1269,charlied,3,charlie,"SELECT * FROM charlie;","2019-07-11 16:23:48.143000"
1270,echod,109,echo,"SELECT DISTINCT * FROM echo ORDER BY MRRANK_RANK DESC","2019-07-11 16:23:57.461000"
1272,golfd,512,golf,"SELECT SVER FROM GOLF WHERE ROWNUM <=5 ;","2019-07-11 16:24:04.737000"
1277,echod,200,echo,"SELECT * from echo where MRRANK_RANK<385;","2019-07-11 16:24:40.896000"
1280,indiad,1007,india,"select LAT, STT, ISPREF from juliett, india where india.CUI = juliet.CUI","2019-07-11 16:24:51.385000"
1282,indiad,105,india,"select * from india i, juliett j where i.CUI = j.CUI","2019-07-11 16:25:05.127000"
1283,indiad,1007,india,"select LAT, STT, ISPREF from juliett, india where india.CUI = juliett.CUI","2019-07-11 16:25:09.657000"
1284,echod,109,echo,"SELECT * FROM echo WHERE SAB LIKE 'U' ORDER BY MRRANK_RANK DESC","2019-07-11 16:25:16.108000"
1285,charlied,3,charlie,"SELECT * FROM charlie WHERE CFR < 1650;","2019-07-11 16:25:22.581000"
1291,golfd,306,golf,"SELECT DISTINCT SVER FROM golf WHERE SVER < 2000","2019-07-11 16:25:23.812000"
1298,echod,4060,echo,"SELECT MRRANK_RANK, SAB, TTY, SUPPRESS from echo WHERE MRRANK_RANK <= 384 AND MRRANK_RANK >=367 AND TTY != 'IN'","2019-07-11 16:25:25.948000"
1301,golfd,306,golf,"SELECT DISTINCT SVER FROM golf WHERE SVER < 1996","2019-07-11 16:25:30.512000"
1303,indiad,50,india,"SELECT LAT, STT, ISPREF FROM juliett WHERE juliett.LUI = L0000268 OR juliett.LUI = L0000275","2019-07-11 16:25:34.084000"
1306,indiad,50,india,"SELECT LAT, STT, ISPREF FROM juliett WHERE juliett.LUI = ""L0000268"" OR juliett.LUI = ""L0000275""","2019-07-11 16:25:44.002000"
1307,hoteld,17,hotel,"select * from hotel sort by TUI desc","2019-07-11 16:25:52.999000"
1309,hoteld,17,hotel,"select * from hotel sorted by TUI desc","2019-07-11 16:25:58.809000"
1315,indiad,105,india,"select j.LAT, j.STT, j.ISPREF from india i, juliett j where i.CUI = j.CUI and i.CVF <= 255","2019-07-11 16:26:10.923000"
1316,indiad,1119,india,"SELECT LAT, STT, ISPREF FROM juliett, india WHERE juliett.CUI = DISTINCT india.CUI;","2019-07-11 16:26:11.235000"
1321,indiad,105,india,"select * from india i, juliett j where i.CUI = j.CUI and i.CVF <= 255","2019-07-11 16:26:21.379000"
1328,hoteld,17,hotel,"select * from hotel order by TUI desc","2019-07-11 16:26:57.962000"
1329,indiad,306,india,"SELECT LAT STT ISPREF FROM juliett WHERE juliett.CUI = india.CUI","2019-07-11 16:26:59.432000"
1330,indiad,50,india,"SELECT LAT, STT, ISPREF FROM juliett WHERE juliett.LUI = ""L0000268"" OR juliett.LUI = ""L0000275"" OR juliett.LUI = ""L0000287""","2019-07-11 16:27:00.079000"
1335,indiad,3,india,"SELECT * FROM india, juliet WHERE india.CUI = juliet.CUI;","2019-07-11 16:27:27.565000"
1338,indiad,50,india,"SELECT LAT, STT, ISPREF FROM juliett WHERE juliett.LUI = ""L0000268"" OR juliett.LUI = ""L0000275"" OR juliett.LUI = ""L0000287"" OR juliett.STT = ""VC""","2019-07-11 16:27:30.745000"
1339,hoteld,17,hotel,"select * from hotel order by TUI desc, CUI asc","2019-07-11 16:27:30.761000"
1341,indiad,3,india,"SELECT * FROM india, juliett WHERE india.CUI = juliett.CUI;","2019-07-11 16:27:36.264000"
1347,bravod,1007,bravo,"select CUI1, RUI from bravo where CUI2 = C0364349","2019-07-11 16:28:01.893000"
1348,indiad,306,india,"SELECT LAT, STT, ISPREF FROM juliett WHERE juliett.CUI = india.CUI","2019-07-11 16:28:06.276000"
1349,echod,109,echo,"SELECT CUI1, RUI WHERE CUI1 = 'C0000039' and CUI2 = 'C0364349'","2019-07-11 16:28:09.134000"
1350,bravod,1007,bravo,"select CUI1, RUI from bravo where CUI2 = C0364349","2019-07-11 16:28:10.957000"
1352,indiad,306,india,"SELECT LAT, STT, ISPREF FROM juliett, inida WHERE juliett.CUI = india.CUI","2019-07-11 16:28:14.257000"
1353,indiad,50,india,m,"2019-07-11 16:28:15.188000"
1358,foxtrotd,1119,foxtrot,"SELECT * FROM foxtrot WHERE TTY = 'PT';","2019-07-11 16:28:27.135000"
1359,echod,109,echo,"SELECT CUI1, RUI FROM bravo WHERE CUI1 = 'C0000039' and CUI2 = 'C0364349'","2019-07-11 16:28:28.517000"
1360,echod,200,echo,"SELECT * from echo where MRRANK_RANK<380 & MRRANK_RANK=382 & MRRANK_RANK=384;","2019-07-11 16:28:35.514000"
1361,indiad,306,india,"SELECT LAT, STT, ISPREF FROM juliett, india WHERE juliett.CUI = india.CUI GROUP BY CUI","2019-07-11 16:28:38.921000"
1362,echod,200,echo,"SELECT * from echo where MRRANK_RANK<380 or MRRANK_RANK=382 or MRRANK_RANK=384;","2019-07-11 16:28:48.350000"
1368,indiad,306,india,"SELECT LAT, STT, ISPREF FROM juliett, india WHERE juliett.CUI = india.CUI GROUP BY LAT","2019-07-11 16:28:59.704000"
1372,bravod,1007,bravo,"select CUI1, RUI from bravo where CUI2 = 'C0364349'","2019-07-11 16:29:04.179000"
1376,charlied,50,charlie,"SELECT* FROM charlie","2019-07-11 16:29:10.539000"
1377,foxtrotd,1119,foxtrot,"SELECT * FROM foxtrot WHERE TTY = 'PT', MRRANK_RANK = 405;","2019-07-11 16:29:14.522000"
1378,bravod,17,bravo,"select CUI1, RUI from bravo where REL = 'RO'","2019-07-11 16:29:17.160000"
1383,indiad,4060,india,"SELECT LAT, STT, ISPREF FROM india, juliett, WHERE india.CUI = juliett.CUI","2019-07-11 16:29:22.475000"
1385,indiad,4060,india,"SELECT LAT, STT, ISPREF FROM india, juliett, WHERE india.CUI == juliett.CUI","2019-07-11 16:29:31.747000"
1387,indiad,3,india,"SELECT * FROM india, juliett WHERE juliett.CUI = india.CUI;","2019-07-11 16:29:45.567000"
1388,indiad,306,india,"SELECT DISTINCT LAT, STT, ISPREF FROM juliett, india WHERE juliett.CUI = india.CUI","2019-07-11 16:29:47.047000"
1391,indiad,105,india,"select j.LAT, j.STT, j.ISPREF from india i, juliett j where i.CUI = j.CUI and TUI <> 'T116'","2019-07-11 16:29:56.910000"
1396,charlied,50,charlie,"SELECT* FROM charlie WHERE charlie.SF = ""MTHMST"" OR charlie.SF = ""ICPC"" OR charlie.SF = ""CCS"" OR charlie.SF = ""AOT"" OR charlie.SF = ""TKMT""","2019-07-11 16:30:04.613000"
1398,foxtrotd,1119,foxtrot,"SELECT * FROM foxtrot WHERE MRRANK_RANK = 405;","2019-07-11 16:30:08.743000"
1399,indiad,4060,india,"SELECT LAT, STT, ISPREF FROM india i , juliett j WHERE i.CUI = j.CUI","2019-07-11 16:30:10.914000"
1402,foxtrotd,1119,foxtrot,"SELECT * FROM foxtrot WHERE MRRANK_RANK = 405 ||  TTY = 'PT', ;","2019-07-11 16:30:21.732000"
1403,foxtrotd,1119,foxtrot,"SELECT * FROM foxtrot WHERE MRRANK_RANK = 405 ||  TTY = 'PT';","2019-07-11 16:30:27.633000"
1405,indiad,4060,india,"SELECT DISTINCT LAT, STT, ISPREF FROM india i , juliett j WHERE i.CUI = j.CUI","2019-07-11 16:30:28.039000"
1406,indiad,3,india,"SELECT * FROM juliett, india WHERE juliett.CUI = india.CUI;","2019-07-11 16:30:29.015000"
1413,indiad,3,india,"SELECT * FROM juliett, india WHERE juliett.CUI = india.CUI GROUP BY STT;","2019-07-11 16:30:54.443000"
1418,indiad,3,india,"SELECT * FROM juliett, india WHERE juliett.CUI = india.CUI GROUP BY CUI;","2019-07-11 16:31:04.029000"
1420,indiad,3,india,"SELECT * FROM juliett, india WHERE juliett.CUI = india.CUI GROUP BY juliett.CUI;","2019-07-11 16:31:16.736000"
1423,bravod,105,bravo,"select CUI1, RUI from bravo where CUI1 = 'C0000039' and CUI2 = 'C0364349'","2019-07-11 16:31:19.893000"
1425,indiad,4060,india,"SELECT LAT, STT, ISPREF, CUI FROM india i , juliett j WHERE i.CUI = j.CUI","2019-07-11 16:31:21.624000"
1426,indiad,306,india,"SELECT DISTINCT CUI FROM juliett, india WHERE juliett.CUI = india.CUI","2019-07-11 16:31:24.564000"
1428,indiad,4060,india,"SELECT LAT, STT, ISPREF, FROM india i , juliett j WHERE i.CUI = j.CUI","2019-07-11 16:31:30.460000"
1429,indiad,306,india,"SELECT DISTINCT CVF FROM juliett, india WHERE juliett.CUI = india.CUI","2019-07-11 16:31:31.397000"
1434,bravod,105,bravo,"select CUI1, RUI from bravo where CUI2 = 'C0364349'","2019-07-11 16:31:41.095000"
1436,indiad,3,india,"SELECT * FROM juliett, india WHERE juliett.CUI = india.CUI GROUP BY juliett.CUI AND STT;","2019-07-11 16:31:50.836000"
1437,bravod,109,bravo,"SELECT CUI1, RUI FROM bravo WHERE REL = 'RO' and CUI2 = 'C0364349'","2019-07-11 16:31:54.624000"
1440,bravod,17,bravo,"select CUI1, RUI from bravo where REL = 'RO' or REL = 'SY'","2019-07-11 16:32:09.168000"
1441,alphad,1007,alpha,"select * from alpha where min = '0'","2019-07-11 16:32:12.678000"
1445,foxtrotd,1119,foxtrot,"SELECT * FROM echo WHERE MRRANK_RANK < 385","2019-07-11 16:32:19.952000"
1450,deltad,200,delta,"SELECT RSAB, TFR from delta where TFR<1834;","2019-07-11 16:32:25.620000"
1451,charlied,50,charlie,"SELECT * FROM charlie WHERE charlie.ttyl = ""PT""","2019-07-11 16:32:31.589000"
1453,indiad,4060,india,"SELECT LAT, STT, ISPREF FROM india i , juliett j WHERE i.CUI = j.CUI AND j.TS = P","2019-07-11 16:32:39.155000"
1455,indiad,4060,india,"SELECT LAT, STT, ISPREF FROM india i , juliett j WHERE i.CUI = j.CUI AND j.TS = 'P'","2019-07-11 16:32:45.589000"
1461,echod,512,echo,"SELECT MRRANK_RANK FROM ECHO WHERE MRRANK_RANK <= 348","2019-07-11 16:33:18.696000"
1462,echod,306,echo,"SELECT * FROM echo WHERE MRRANK_RANK < 385 && TTY != 'IN' OR TTY != 'HC'","2019-07-11 16:33:27.696000"
1464,hoteld,200,hotel,"SELECT * from hotel;","2019-07-11 16:33:40.654000"
1465,echod,306,echo,"SELECT * FROM echo WHERE MRRANK_RANK < 385 && (TTY != 'IN' OR TTY != 'HC')","2019-07-11 16:33:41.263000"
1466,echod,306,echo,"SELECT * FROM echo WHERE (MRRANK_RANK < 385 && (TTY != 'IN' OR TTY != 'HC'))","2019-07-11 16:34:10.629000"
1467,echod,306,echo,"SELECT * FROM echo WHERE (MRRANK_RANK < 385 AND (TTY != 'IN' OR TTY != 'HC'))","2019-07-11 16:34:29.527000"
1468,hoteld,200,hotel,"SELECT * from hotel order by TUI DESC;","2019-07-11 16:34:30.598000"
1473,charlied,50,charlie,"SELECT * FROM charlie ORDER BY charlie.ttyl = ""PT""","2019-07-11 16:35:04.743000"
1475,kilod,105,kilo,"select * from kilo group by LUI","2019-07-11 16:35:22.130000"
1480,charlied,105,charlie,"select * from charlie where CFR < 1635","2019-07-11 16:36:26.405000"
